{"cameraMode":{"drawMode":0,"name":"Shaded","section":"Shading Mode"},"sceneLighting":true,"audioPlay":false,"sceneViewState":{"showFog":true,"showMaterialUpdate":false,"showSkybox":true,"showFlares":true,"showImageEffects":true,"showParticleSystems":true},"in2DMode":false,"pivot":{"x":-9.470311164855957,"y":2.7017011642456056,"z":4.202004432678223},"rotation":{"x":0.2823871076107025,"y":0.03740257769823074,"z":-0.011017246171832085,"w":0.958530068397522},"size":6.881153106689453,"orthographic":false}