{"cameraMode":{"drawMode":0,"name":"Shaded","section":"Shading Mode"},"sceneLighting":false,"audioPlay":false,"sceneViewState":{"showFog":true,"showMaterialUpdate":false,"showSkybox":false,"showFlares":true,"showImageEffects":true,"showParticleSystems":true},"in2DMode":false,"pivot":{"x":-10.595470428466797,"y":1.6388285160064698,"z":6.0808796882629398},"rotation":{"x":-0.2975776493549347,"y":-0.038088660687208179,"z":0.011876196600496769,"w":-0.9538792967796326},"size":0.6294522881507874,"orthographic":false}