{"cameraMode":{"drawMode":0,"name":"Shaded","section":"Shading Mode"},"sceneLighting":false,"audioPlay":false,"sceneViewState":{"showFog":true,"showMaterialUpdate":false,"showSkybox":false,"showFlares":true,"showImageEffects":true,"showParticleSystems":true},"in2DMode":false,"pivot":{"x":-10.681453704833985,"y":3.326730251312256,"z":1.962125539779663},"rotation":{"x":0.18340235948562623,"y":-0.023590384051203729,"z":0.004402483347803354,"w":0.9827455878257752},"size":1.758286714553833,"orthographic":false}